Rank;|;Title;|;Genre;|;Album;|;Singers;|;Year;|;Runtime (Minutes);|;Rating;|;Votes;|;Metascore
1;|;TEXAS HOLD 'EM;|;Unknown;|;COWBOY CARTER;|;Beyoncé;|;2024;|;03:53;|;110;|;6747939;|;76
2;|;Pink Pony Club;|;Unknown;|;The Rise and Fall of a Midwest Princess;|;Chappell Roan;|;2023;|;04:18;|;107;|;5068344;|;89
3;|;Not Like Us;|;hip hop, hip hop de la costa oeste;|;Not Like Us;|;Kendrick Lamar;|;2024;|;04:34;|;101;|;9627447;|;96
4;|;DENIAL IS A RIVER;|;Unknown;|;Alligator Bites Never Heal;|;Doechii;|;2024;|;02:39;|;93;|;6023584;|;92
5;|;Espresso;|;Unknown;|;Short n' Sweet;|;Sabrina Carpenter;|;2024;|;02:55;|;104;|;3471990;|;90
6;|;Von dutch;|;hyperpop, art pop;|;BRAT;|;Charli xcx;|;2024;|;02:44;|;130;|;6819805;|;82
7;|;American Dreaming;|;folk americano, country alternativo, bluegrass;|;American Dreaming;|;Sierra Ferrell;|;2024;|;04:17;|;82;|;7783851;|;45
8;|;Die With A Smile;|;art pop, pop, ;|;Die With A Smile;|;Lady Gaga,Bruno Mars;|;2024;|;04:11;|;158;|;720315;|;100
9;|;Broken Man;|;art pop;|;Broken Man;|;St. Vincent;|;2024;|;03:21;|;112;|;8134424;|;46
10;|;Saturn;|;r&b;|;Saturn;|;SZA;|;2024;|;03:06;|;178;|;4054486;|;83
11;|;Love Me JeJe;|;afrobeats, alté, afrobeat;|;Love Me JeJe;|;Tems;|;2024;|;02:58;|;104;|;4973637;|;69
12;|;It Takes A Woman;|;country;|;It Takes A Woman;|;Chris Stapleton;|;2023;|;04:06;|;116;|;3140288;|;60
13;|;It Never Went Away - From the Netflix Documentary “American Symphony”;|;Unknown;|;It Never Went Away (From the Netflix Documentary “American Symphony”);|;Jon Batiste;|;2023;|;03:48;|;74;|;3739944;|;41
14;|;Residuals;|;r&b;|;11:11 (Deluxe);|;Chris Brown;|;2024;|;03:35;|;115;|;9427466;|;76
15;|;Despídase bien;|;banda, norteño, sierreño, corrido, grupera, ranchera, sierreño triste, música mexicana;|;Boca Chueca, Vol. 1;|;Carin Leon;|;2024;|;03:51;|;160;|;2656993;|;79
16;|;The Architect;|;Unknown;|;Deeper Well;|;Kacey Musgraves;|;2024;|;02:57;|;123;|;6821181;|;59
17;|;Bridge Over Troubled Water (feat. John Legend & Tori Kelly);|;pop suave, neo soul, ;|;Bridge Over Troubled Water (feat. John Legend & Tori Kelly);|;Jacob Collier,John Legend,Tori Kelly;|;2024;|;05:52;|;84;|;6137994;|;52
18;|;3:AM (feat. Erykah Badu);|;neo soul, r&b;|;3:AM (feat. Erykah Badu);|;Rapsody,Erykah Badu;|;2024;|;03:33;|;89;|;5707017;|;46
19;|;Mea Culpa (Ah! Ça ira!);|;metal, metal progresivo, groove metal, death metal, djent, ;|;Mea Culpa (Ah! Ça ira!);|;Gojira,Marina Viotti,Victor Le Masne;|;2024;|;02:53;|;90;|;7060488;|;65
20;|;Holy Hands;|;góspel r&b, góspel, adoración, música cristiana, pop cristiano, adoración pop;|;Holy Hands;|;DOE;|;2023;|;03:24;|;125;|;3781998;|;35
21;|;Running;|;Unknown;|;Visions;|;Norah Jones;|;2024;|;03:28;|;109;|;1699615;|;44
22;|;That's You;|;Unknown;|;Algorithm;|;Lucky Daye;|;2024;|;05:19;|;65;|;3982547;|;41
23;|;Now And Then;|;rock clásico, rock psicodélico;|;Now And Then;|;The Beatles;|;2023;|;04:08;|;87;|;7725310;|;67
24;|;BIRDS OF A FEATHER;|;Unknown;|;HIT ME HARD AND SOFT;|;Billie Eilish;|;2024;|;03:30;|;105;|;4950694;|;99
25;|;Mileage;|;blues, blues modern;|;Mileage;|;Ruthie Foster;|;2024;|;04:10;|;78;|;1317520;|;37
26;|;II MOST WANTED;|;Unknown;|;COWBOY CARTER;|;Beyoncé,Miley Cyrus;|;2024;|;03:28;|;138;|;3236734;|;69
27;|;That's My King;|;góspel, adoración, música cristiana;|;That's My King;|;CeCe Winans;|;2024;|;04:10;|;95;|;1604334;|;56
28;|;Good Luck, Babe!;|;Unknown;|;Good Luck, Babe!;|;Chappell Roan;|;2024;|;03:38;|;117;|;8223836;|;95
29;|;Beautiful Things;|;Unknown;|;Fireworks & Rollerblades;|;Benson Boone;|;2024;|;03:00;|;105;|;3782667;|;92
30;|;Like That;|;rap, hip hop, hip hop de la costa oeste;|;WE DON'T TRUST YOU;|;Future,Metro Boomin,Kendrick Lamar;|;2024;|;04:27;|;162;|;8282871;|;88
31;|;A Bar Song (Tipsy);|;Unknown;|;A Bar Song (Tipsy);|;Shaboozey;|;2024;|;02:51;|;81;|;473215;|;88
32;|;Please Please Please;|;Unknown;|;Short n' Sweet;|;Sabrina Carpenter;|;2024;|;03:06;|;107;|;8410318;|;87
33;|;I Had Some Help (Feat. Morgan Wallen);|;country;|;F-1 Trillion;|;Post Malone,Morgan Wallen;|;2024;|;02:58;|;128;|;155059;|;86
34;|;NISSAN ALTIMA;|;Unknown;|;Alligator Bites Never Heal;|;Doechii;|;2024;|;02:06;|;117;|;7336052;|;85
35;|;LA PATRULLA;|;corrido, corridos tumbados, corridos bélicos, música mexicana, sierreño triste, electrocorridos, banda;|;ÉXODO;|;Peso Pluma,Neton Vega;|;2024;|;02:10;|;133;|;2516417;|;85
36;|;Fortnight (feat. Post Malone);|;Unknown;|;THE TORTURED POETS DEPARTMENT;|;Taylor Swift,Post Malone;|;2024;|;03:48;|;192;|;3359969;|;85
37;|;Lose Control;|;Unknown;|;Lose Control;|;Teddy Swims;|;2023;|;03:30;|;160;|;873483;|;84
38;|;Apple;|;hyperpop, art pop;|;BRAT;|;Charli xcx;|;2024;|;02:31;|;126;|;8816893;|;83
39;|;Escapism.;|;Unknown;|;My 21st Century Blues;|;RAYE,070 Shake;|;2023;|;04:32;|;96;|;8607262;|;81
40;|;us. (feat. Taylor Swift);|;Unknown;|;The Secret of Us;|;Gracie Abrams,Taylor Swift;|;2024;|;04:02;|;102;|;9689217;|;80
41;|;MONACO;|;reggaetón, trap latino, latina, urbano latino;|;nadie sabe lo que va a pasar mañana;|;Bad Bunny;|;2023;|;04:27;|;139;|;9038294;|;80
42;|;Make You Mine;|;Unknown;|;Make You Mine;|;Madison Beer;|;2024;|;03:41;|;123;|;9379046;|;80
43;|;360;|;hyperpop, art pop;|;BRAT;|;Charli xcx;|;2024;|;02:13;|;120;|;21833;|;83
44;|;Igual Que Un Ángel (with Peso Pluma);|;corrido, corridos tumbados, corridos bélicos, música mexicana, sierreño triste, electrocorridos, banda;|;ORQUÍDEAS;|;Kali Uchis,Peso Pluma;|;2024;|;04:20;|;108;|;9689824;|;79
45;|;CLASSY 101;|;reggaetón, urbano latino, trap latino;|;FERXXOCALIPSIS;|;Feid,Young Miko;|;2023;|;03:15;|;100;|;6553388;|;79
46;|;4×4×U;|;country;|;Whirlwind;|;Lainey Wilson;|;2024;|;03:59;|;142;|;1606874;|;79
47;|;Praise (feat. Brandon Lake, Chris Brown & Chandler Moore);|;adoración, música cristiana, música cristiana contemporánea, góspel;|;CAN YOU IMAGINE?;|;Elevation Worship,Brandon Lake,Chris Brown,Chandler Moore;|;2023;|;05:04;|;127;|;7109717;|;79
48;|;I Am Not Okay;|;hip hop country, country;|;Beautifully Broken;|;Jelly Roll;|;2024;|;03:18;|;77;|;8243002;|;78
49;|;Houdini;|;rap, hip hop;|;The Death of Slim Shady (Coup De Grâce);|;Eminem;|;2024;|;03:47;|;127;|;4627862;|;78
50;|;Guess featuring billie eilish;|;hyperpop, art pop, ;|;Guess featuring billie eilish;|;Charli xcx,Billie Eilish;|;2024;|;02:23;|;130;|;347203;|;82
51;|;offline;|;trap latino, reggaetón, urbano latino;|;att.;|;Young Miko,Feid;|;2024;|;03:21;|;93;|;7790316;|;77
52;|;We Still Don't Trust You;|;rap, ;|;WE STILL DON'T TRUST YOU;|;Future,Metro Boomin,The Weeknd;|;2024;|;04:12;|;110;|;4860077;|;76
53;|;yes, and?;|;pop;|;yes, and?;|;Ariana Grande;|;2024;|;03:34;|;119;|;6514910;|;75
54;|;Sexy to Someone;|;bedroom pop;|;Charm;|;Clairo;|;2024;|;03:27;|;98;|;1219164;|;75
55;|;Doblexxó;|;reggaetón, latina, urbano latino;|;Rayo;|;J Balvin,Feid;|;2024;|;02:56;|;99;|;651635;|;75
56;|;Got Me Started;|;Unknown;|;Something To Give Each Other;|;Troye Sivan;|;2023;|;03:18;|;127;|;1332175;|;73
57;|;MMS;|;afrobeats, afrobeat, afropiano, afro adura, afropop, amapiano, afroswing, azonto, dancehall;|;Lungu Boy;|;Asake,Wizkid;|;2024;|;03:39;|;102;|;8304878;|;73
58;|;Starburster;|;post-punk;|;Romance;|;Fontaines D.C.;|;2024;|;03:41;|;98;|;3488700;|;73
59;|;Neverender;|;house francés, new rave, rock electrónico, indie, pop psicodélico;|;Hyperdrama;|;Justice,Tame Impala;|;2024;|;04:26;|;117;|;9899173;|;73
60;|;GOOD DAY;|;hip hop cristiano, pop cristiano, adoración pop, música cristiana, adoración, góspel r&b;|;CHILD OF GOD;|;Forrest Frank;|;2024;|;02:50;|;76;|;9895248;|;72
61;|;After Hours;|;Unknown;|;After Hours;|;Kehlani;|;2024;|;03:22;|;121;|;3091400;|;72
62;|;Huntin’ Wabbitz;|;rap;|;Might Delete Later;|;J. Cole;|;2024;|;02:42;|;114;|;2199418;|;72
63;|;L’AMOUR DE MA VIE [OVER NOW EXTENDED EDIT];|;Unknown;|;L’AMOUR DE MA VIE [OVER NOW EXTENDED EDIT];|;Billie Eilish;|;2024;|;04:31;|;145;|;8435738;|;71
64;|;Witchy (feat. Childish Gambino);|;Unknown;|;TIMELESS;|;KAYTRANADA,Childish Gambino;|;2024;|;03:47;|;110;|;303074;|;71
65;|;BODYGUARD;|;Unknown;|;COWBOY CARTER;|;Beyoncé;|;2024;|;04:00;|;119;|;4893978;|;70
66;|;KEHLANI (REMIX) [feat. Kehlani];|;drill sexy, ;|;KEHLANI (REMIX) [feat. Kehlani];|;Jordan Adetunji,Kehlani;|;2024;|;02:59;|;160;|;1219004;|;70
67;|;Made For Me;|;Unknown;|;Revenge;|;Muni Long;|;2024;|;03:06;|;120;|;948696;|;70
68;|;Yeah Glo!;|;Unknown;|;Yeah Glo!;|;GloRilla;|;2024;|;02:22;|;148;|;6749703;|;70
69;|;Here We Go (Uh Oh);|;Unknown;|;Here We Go (Uh Oh);|;Coco Jones;|;2024;|;03:36;|;177;|;1347318;|;69
70;|;Burning;|;afrobeats, alté, afrobeat;|;Born in the Wild;|;Tems;|;2024;|;02:55;|;92;|;9690545;|;69
71;|;LEVII'S JEANS;|;Unknown;|;COWBOY CARTER;|;Beyoncé,Post Malone;|;2024;|;04:17;|;116;|;1039423;|;70
72;|;May Ninth;|;Unknown;|;A LA SALA;|;Khruangbin;|;2024;|;03:12;|;81;|;7194140;|;68
73;|;Te Felicito;|;pop latino, latina, reggaetón, urbano latino, trap latino;|;Las Mujeres Ya No Lloran;|;Shakira,Rauw Alejandro;|;2024;|;02:52;|;174;|;8357184;|;68
74;|;CARNIVAL;|;rap, ;|;VULTURES 1;|;¥$,Kanye West,Ty Dolla $ign;|;2024;|;04:24;|;148;|;9270628;|;68
75;|;Suffocate (feat. Poppy);|;hardcore, metalcore, deathcore, hardcore punk, metal, ;|;You Won't Go Before You're Supposed To;|;Knocked Loose,Poppy;|;2024;|;02:44;|;170;|;5150337;|;66
76;|;Dilemma;|;punk, pop punk;|;Saviors;|;Green Day;|;2024;|;03:18;|;120;|;8313888;|;65
77;|;Andalucía;|;latina;|;El Viaje;|;Luis Fonsi;|;2024;|;03:29;|;83;|;5674505;|;64
78;|;YA YA;|;Unknown;|;COWBOY CARTER;|;Beyoncé;|;2024;|;04:34;|;152;|;8491217;|;69
79;|;Higher;|;afrobeats, afrobeat, afropop, afroswing, dancehall, afropiano;|;Higher;|;Burna Boy;|;2024;|;02:17;|;117;|;1328199;|;63
80;|;In The Room (feat. Tasha Cobbs Leonard);|;adoración, góspel, música cristiana;|;In The Room (feat. Tasha Cobbs Leonard);|;Maverick City Music,Naomi Raine,Chandler Moore,Tasha Cobbs Leonard;|;2023;|;09:57;|;104;|;9050309;|;63
81;|;Funk Rave;|;pop brasileño, funk pop, funk carioca, funk, pagode baiano;|;Funk Generation;|;Anitta;|;2024;|;02:27;|;135;|;9653901;|;63
82;|;Ruined Me;|;Unknown;|;Ruined Me;|;Muni Long;|;2024;|;03:16;|;98;|;3599839;|;62
83;|;Holy Forever (Live);|;adoración, música cristiana, música cristiana contemporánea, góspel;|;Holy Forever (Live);|;Bethel Music,Jenn Johnson,CeCe Winans;|;2024;|;10:42;|;144;|;2707983;|;61
84;|;Sensational (feat. Davido & Lojay);|;r&b, afrobeats, afrobeat, afropop, afropiano, azonto, amapiano, hiplife, afroswing, alté;|;Sensational (feat. Davido & Lojay);|;Chris Brown,Davido,Lojay;|;2023;|;03:51;|;100;|;4507581;|;61
85;|;Right Back to It;|;chamber pop, country alternativo;|;Tigers Blood;|;Waxahatchee,MJ Lenderman;|;2024;|;04:33;|;134;|;8339747;|;60
86;|;Good Good;|;r&b;|;COMING HOME;|;USHER,21 Savage,Summer Walker;|;2024;|;04:07;|;141;|;2312731;|;60
87;|;René;|;hip hop latino;|;LAS LETRAS YA NO IMPORTAN;|;Residente;|;2024;|;07:38;|;89;|;4009873;|;60
88;|;The American Dream Is Killing Me;|;punk, pop punk;|;Saviors;|;Green Day;|;2024;|;03:06;|;143;|;9828348;|;60
89;|;Never Gonna Be Alone (feat. Lizzy McAlpine & John Mayer);|;cantautores;|;Djesse Vol. 4;|;Jacob Collier,Lizzy McAlpine,John Mayer;|;2024;|;04:10;|;91;|;4462378;|;59
90;|;Sadness As A Gift;|;Unknown;|;Bright Future;|;Adrianne Lenker;|;2024;|;04:19;|;115;|;8058138;|;59
91;|;Big Mama;|;Unknown;|;Big Mama;|;Latto;|;2024;|;02:54;|;156;|;4312635;|;59
92;|;In The Name of Jesus (feat. Chandler Moore);|;adoración, música cristiana, góspel;|;In The Name of Jesus (feat. Chandler Moore);|;JWLKRS Worship,Maverick City Music,Chandler Moore;|;2024;|;04:58;|;184;|;593016;|;59
93;|;Neon Pill;|;rock moderno;|;Neon Pill;|;Cage The Elephant;|;2024;|;03:21;|;120;|;3928942;|;58
94;|;Enough (Miami);|;Unknown;|;Enough (Miami);|;Cardi B;|;2024;|;02:38;|;139;|;7492061;|;57
95;|;the boy is mine (with Brandy, Monica) - Remix;|;pop, r&b;|;the boy is mine (Remix);|;Ariana Grande,Brandy,Monica;|;2024;|;03:33;|;98;|;899796;|;57
96;|;That's How I'm Feeling;|;blues rock;|;No Name;|;Jack White;|;2024;|;03:11;|;128;|;2275947;|;57
97;|;Beautiful People (Stay High);|;blues rock, garage rock, blues modern, rock;|;Ohio Players;|;The Black Keys;|;2024;|;02:47;|;95;|;957916;|;56
98;|;Bigger Houses;|;country;|;Save Me The Trouble, Heartbreak On The Map, Bigger Houses;|;Dan + Shay;|;2023;|;03:17;|;140;|;3336323;|;56
99;|;Dark Matter;|;grunge, rock, post-grunge;|;Dark Matter;|;Pearl Jam;|;2024;|;03:31;|;100;|;7070800;|;55
100;|;Lucky (feat. Remi Wolf);|;edm, ;|;Telos;|;Zedd,Remi Wolf;|;2024;|;02:07;|;96;|;6340649;|;54
101;|;guidance;|;r&b;|;guidance;|;Jhené Aiko;|;2024;|;03:35;|;99;|;6133192;|;54
102;|;Cellar Door;|;metalcore, djent, metal;|;Cellar Door;|;Spiritbox;|;2023;|;04:43;|;84;|;7918886;|;53
103;|;Angry;|;rock clásico, rock;|;Hackney Diamonds;|;The Rolling Stones;|;2023;|;03:46;|;113;|;1467479;|;52
104;|;Te Lo Agradezco;|;pop latino, banda, norteño, sierreño, corrido, grupera, ranchera, sierreño triste, música mexicana;|;GARCÍA;|;Kany García,Carin Leon;|;2024;|;03:03;|;180;|;4667378;|;52
105;|;Screaming Suicide;|;metal, thrash metal, rock, heavy metal, hard rock;|;72 Seasons;|;Metallica;|;2023;|;05:30;|;101;|;343163;|;52
106;|;Crown of Horns;|;heavy metal, metal, hard rock, glam metal, speed metal;|;Crown of Horns;|;Judas Priest;|;2024;|;05:45;|;120;|;188949;|;51
107;|;Flea;|;art pop;|;All Born Screaming;|;St. Vincent;|;2024;|;03:46;|;138;|;7686908;|;51
108;|;Song Of The Lake;|;Unknown;|;Wild God;|;Nick Cave & The Bad Seeds;|;2024;|;03:36;|;149;|;7180407;|;49
109;|;Break Mine;|;country, country rock;|;Break Mine EP;|;Brothers Osborne;|;2024;|;04:09;|;109;|;5822121;|;48
110;|;One Hallelujah;|;góspel, adoración, góspel r&b, música cristiana;|;One Hallelujah;|;Tasha Cobbs Leonard,Erica Campbell,Israel Houghton,Jonathan McReynolds,Jekalyn Carr;|;2024;|;05:45;|;137;|;434430;|;48
111;|;Cowboys Cry Too (with Noah Kahan);|;country, pop country, ;|;Sorry Mom;|;Kelsea Ballerini,Noah Kahan;|;2024;|;03:51;|;87;|;734896;|;46
112;|;Don't Do Me Good;|;Unknown;|;Weird Faith;|;Madi Diaz,Kacey Musgraves;|;2024;|;04:13;|;116;|;9778532;|;45
113;|;Loved;|;idm, electrónica;|;Three;|;Four Tet;|;2024;|;04:03;|;165;|;5325791;|;45
114;|;What Now;|;Unknown;|;What Now;|;Brittany Howard;|;2024;|;03:46;|;100;|;2446995;|;44
115;|;Wanting and Waiting;|;rock sureño, rock;|;Happiness Bastards;|;The Black Crowes;|;2024;|;04:15;|;118;|;1220078;|;44
116;|;Ninety Three 'Til Infinity And Beyoncé;|;Unknown;|;New Blue Sun;|;André 3000;|;2023;|;03:49;|;108;|;971223;|;43
117;|;Empty Trainload Of Sky;|;folk americano, bluegrass, country alternativo, folk;|;Woodland;|;Gillian Welch,David Rawlings;|;2024;|;03:24;|;110;|;1849740;|;42
118;|;BYE BYE;|;noise rock;|;The Collective;|;Kim Gordon;|;2024;|;04:14;|;146;|;2459913;|;41
119;|;PRAISE YOU ANYWHERE (LIVE);|;adoración, música cristiana;|;TEAR OFF THE ROOF (LIVE FROM THE HOLY CITY);|;Brandon Lake;|;2024;|;04:11;|;108;|;9096784;|;41
120;|;Gift Horse;|;post-punk, noise rock, punk;|;TANGK;|;IDLES;|;2024;|;04:09;|;143;|;5984153;|;40
121;|;Hold On - Live;|;góspel, adoración;|;Choirmaster II (Live);|;Ricky Dillard;|;2024;|;06:10;|;208;|;4238874;|;38
122;|;Tomorrow;|;afrobeats, afrobeat, azonto, afropop, bongo flava;|;Tomorrow;|;Yemi Alade;|;2024;|;03:23;|;117;|;7826549;|;38
123;|;When The Sun Shines Again [Feat. Posdnuos];|;hip hop, jazz rap, neo soul, hip hop de la costa este, boom bap;|;The Auditorium Vol. 1;|;Common,Pete Rock,Posdnuos;|;2024;|;04:45;|;182;|;6235532;|;37
124;|;Firm Foundation (He Won't);|;rock cristiano, rock alternativo cristiano, rock chino, música cristiana;|;Firm Foundation (He Won't);|;Honor & Glory,Disciple;|;2024;|;04:46;|;156;|;6521665;|;36
125;|;Diamante;|;música mexicana, banda;|;Diamantes;|;Chiquis;|;2024;|;02:41;|;117;|;8538171;|;35